TIC ID,TFOPWG Disposition
231663901,KP
149603524,KP
336732616,KP
231670397,KP
144065872,KP
38846515,KP
92352620,KP
289793076,KP
29344935,KP
281459670,KP
355703913,KP
388104525,KP
97409519,KP
25155310,KP
281541555,KP
238176110,KP
322307342,KP
266980320,CP
278683844,PC
278683844,PC
394137592,CP
207081058,APC
231702397,CP
290131778,CP
29831208,APC
52368076,CP
52368076,CP
52368076,CP
52368076,PC
70440470,KP
234523599,CP
391949880,CP
201248411,CP
263003176,CP
235037761,APC
89020549,CP
219338557,PC
234994474,CP
267263253,CP
410153553,CP
176957796,FA
277683130,APC
62483237,CP
140068425,APC
403224672,CP
425934411,PC
25375553,KP
261136679,CP
265612438,PC
355636844,FP
220435095,FP
260985861,PC
271893367,CP
382302241,FP
403287048,FP
231081369,APC
389525208,FP
129637892,PC
220518305,FP
140691463,CP
403136413,FP
394657039,CP
253917293,FP
348770361,PC
99493790,APC
179317684,CP
79395355,FP
350743714,FP
147203645,PC
149990841,PC
369457671,PC
183120439,CP
394698182,PC
309257814,PC
309257814,FP
29857954,CP
270341214,PC
270341214,PC
425997655,CP
425997655,CP
425997655,CP
425997655,CP
425997655,CP
307210830,CP
307210830,CP
307210830,CP
272086159,FP
51912829,APC
183979262,FP
300871545,FP
279741379,CP
279741379,CP
260304296,APC
280830734,APC
278866211,FP
309792357,CP
410214986,CP
350618622,CP
350618622,PC
355509914,PC
259962054,FA
281781375,PC
281575427,PC
55650590,CP
260271203,FP
314865962,PC
52204645,APC
141608198,PC
300293197,APC
206609630,APC
234345288,PC
234345288,PC
167415965,PC
167415965,PC
231912935,PC
55652896,CP
55652896,CP
260043723,FP
32090583,PC
32090583,PC
260609205,FP
150098860,CP
316937670,FP
280095254,PC
237924601,APC
350445771,FP
122612091,KP
159951311,KP
219253008,PC
220479565,CP
259511357,APC
281979481,FP
373844472,APC
382188882,FP
38696105,PC
29781292,CP
29781292,CP
29781292,CP
382626661,CP
277103955,FP
150030205,CP
150030205,CP
201292545,PC
355637190,APC
206352378,PC
389753172,APC
198077394,PC
139285832,CP
233964642,APC
55452495,FP
280097543,PC
167418898,FP
300810086,FP
238059180,PC
92359850,FP
382391899,KP
328350926,APC
9858404,APC
38541473,APC
178155732,CP
178155732,CP
178155732,CP
219379012,FP
1129033,KP
35857242,KP
259701242,FP
166833457,KP
176984236,FP
153065527,CP
153065527,CP
349518800,APC
176778112,FP
167754523,FP
100990000,CP
100990000,CP
7624182,FP
170634116,KP
325680697,FP
152476657,KP
49899799,FP
339733013,FP
178284730,KP
279251651,FP
259592689,PC
44647437,PC
468880077,PC
179034327,CP
139528693,KP
257605131,CP
257605131,CP
257605131,CP
153077621,APC
98796344,CP
89256802,PC
64071894,PC
38603673,APC
4646810,CP
420049884,PC
176831592,FP
270380593,KP
156987351,PC
170102285,KP
339672028,CP
260708537,CP
31852980,PC
31852980,PC
452866790,CP
455135327,KP
468987719,KP
17746821,KP
19025965,PC
19519368,PC
22529346,KP
121338379,APC
123702439,APC
134200185,CP
134537478,KP
186812530,CP
219164808,FP
348538431,PC
453211454,CP
453211454,CP
238086647,APC
440777904,KP
308307606,FP
264979636,PC
218795833,CP
148479278,PC
27649847,CP
19451711,FA
403693875,FP
387690507,CP
144700903,CP
309791156,PC
238004786,PC
200322593,CP
311183180,FP
44737596,CP
161477033,PC
161477033,PC
407966340,CP
407966340,CP
170849515,CP
55488511,PC
209459275,CP
101011575,CP
101011575,CP
1003831,CP
1103432,APC
13349647,KP
270468559,KP
238061845,PC
81419525,PC
180987952,FP
131743355,PC
131979339,FP
294090620,FP
130415266,PC
412961700,FP
196286587,FP
146406806,PC
287329267,FP
81429971,FP
134396419,FP
141363913,PC
175176327,APC
262746281,CP
181304295,PC
122262940,FP
186547153,APC
134404603,APC
80275202,FP
154459165,FP
284738182,PC
173640199,PC
83092282,CP
399870368,CP
379929661,CP
65412605,CP
349790953,FP
133334108,PC
238197709,FP
82128636,APC
101955023,KP
151825527,CP
151959065,FP
158588995,CP
280206394,CP
294395926,PC
410450228,PC
462162948,PC
339857675,PC
339636032,FP
156991337,FP
55383975,FP
55559618,PC
77156829,CP
77156829,CP
77156829,CP
77253676,APC
141527579,PC
149302744,PC
149302744,PC
149302744,PC
150428135,CP
150428135,CP
150428135,CP
150428135,CP
237914496,PC
237928815,PC
237928815,PC
260004324,CP
391904697,PC
219345200,PC
167342439,PC
167342439,PC
391821647,FP
396720998,APC
396720998,PC
309402106,FP
38510224,PC
38510224,PC
150151262,CP
150151262,CP
150151262,CP
167600516,PC
167600516,PC
219195044,PC
219195044,PC
271971130,CP
150247134,FA
184952758,FP
38571020,PC
38509907,PC
177077336,PC
339961200,PC
410245915,FP
149788158,PC
146846569,FP
260304800,PC
279425357,PC
310009611,PC
359271092,CP
373424049,FP
444842193,APC
167418903,PC
15445551,KP
104024556,KP
5868998,APC
14614418,KP
14661418,KP
61538902,KP
61988212,APC
72985822,PC
73228647,CP
73228647,KP
73649615,CP
130924120,CP
131081852,FP
152147232,APC
162362398,APC
165317334,PC
165317334,PC
178709444,CP
178819686,CP
178819686,CP
181159386,APC
219401954,FA
219698950,KP
229047362,KP
229811538,APC
248075138,KP
248111245,KP
277634430,CP
286864983,PC
286864983,PC
286864983,PC
286865921,KP
294301883,KP
304042899,FP
306996324,CP
306996324,CP
334305570,PC
335630746,CP
374095457,PC
398943781,KP
413376180,KP
429358906,CP
451645081,PC
460984940,CP
374829238,PC
375059587,PC
375059587,PC
350584963,PC
349829627,PC
300710077,PC
300710077,PC
300710077,PC
308994098,PC
308994098,PC
308994098,PC
306472057,PC
306472057,PC
294780517,FP
300013921,FP
299945285,PC
278895705,PC
277099925,FA
271596225,PC
271596225,PC
271596225,PC
260640693,APC
255685030,PC
179308757,APC
177258735,PC
167303382,PC
143526444,FP
41227743,FP
38460940,PC
33831980,PC
30853470,PC
149301575,APC
388106759,PC
388106759,PC
55525572,CP
255760319,FP
30312676,FP
46096489,KP
73717937,KP
111991770,KP
125405602,FA
127530399,KP
127530399,CP
158978373,APC
193641523,CP
220029715,KP
243200602,KP
270507305,APC
271168962,KP
276128561,PC
281924357,PC
307610438,APC
350332997,FP
362249359,CP
404340025,KP
405700729,PC
440887364,CP
440887364,CP
460205581,CP
461271719,FP
466840711,KP
287563610,KP
238932509,PC
141768070,PC
437333618,KP
198008005,CP
150430484,PC
372913430,FP
309254930,PC
238898571,PC
231728511,PC
44797824,APC
381976956,FA
358460246,PC
271596418,FP
200807066,FA
219229644,PC
219344917,CP
220459826,PC
220459826,PC
237920046,PC
232025086,PC
219380235,FA
92013169,FP
177162886,PC
210873792,PC
214361331,PC
216935214,APC
238197638,PC
261257684,CP
261257684,CP
261867566,CP
298372701,PC
305424003,CP
350153977,CP
364107753,FP
369327947,CP
389070884,APC
406941612,CP
407126408,CP
407126408,PC
153027658,FP
259389219,FP
294869729,FP
150167117,APC
278775625,PC
301051430,FP
382068562,PC
300599466,FP
176796997,PC
261258875,FP
300557619,FP
175532955,PC
100921768,PC
206474443,PC
260417932,PC
260417932,PC
260130483,PC
220475245,PC
260476837,FP
278198753,PC
219205407,FP
449050247,FP
319312479,PC
449050248,FP
44792534,CP
25799609,PC
178367144,KP
445586472,FP
174599051,PC
333821572,FP
73038411,PC
127476180,FP
148659924,FP
320536216,FP
207277638,APC
88684250,PC
7561203,PC
259353953,PC
341729521,FP
341186896,FP
88863718,PC
238597883,FP
169904935,FP
440801822,FP
107782586,PC
114018671,PC
96246348,FP
155044736,FP
341420329,PC
141482386,FP
297967252,FP
388624270,FP
447283466,FP
464296022,FP
304021498,FP
149601557,FP
361413119,PC
363260203,FP
461867584,APC
310483807,FP
385624852,FP
360286627,FP
90448944,FP
463402815,PC
309787037,FP
370745311,FP
384549882,FP
16288184,KP
66818296,KP
259863352,FA
317060587,CP
112395568,FP
366989877,CP
320004517,CP
421894914,PC
323132914,PC
31553893,PC
380783252,PC
101230735,APC
253990973,FP
299799658,CP
406976746,PC
79748331,CP
79748331,CP
7088246,KP
201604954,KP
201642601,KP
6663331,KP
31858843,KP
31858844,FP
120247528,KP
140830390,FP
158297421,CP
327301957,PC
351601843,CP
360742636,KP
369960846,PC
370133522,CP
379240073,PC
161032923,CP
253728991,PC
261108236,PC
322270620,PC
380589029,KP
381979901,APC
468148930,PC
426077080,FP
343648136,FA
129319156,FP
361034196,FP
193413306,PC
387079085,FP
382331352,FP
136274063,APC
375223080,PC
375225453,FP
360630575,CP
383390264,CP
290348383,CP
318608749,FP
271581073,FP
311890977,FP
351603103,PC
451599528,FP
274151135,PC
384513078,PC
394561119,CP
295599256,FP
50309953,FP
446549905,FP
412014494,FP
369864738,FP
290348382,FP
409934330,APC
379286801,APC
304100538,PC
295541511,PC
90919952,FP
261369656,APC
143257766,FP
24094603,FP
304774444,FP
469782185,APC
128790976,APC
80166433,PC
405862830,FP
269450900,FP
425721385,FP
91576611,FP
254113311,CP
254113311,CP
198213332,PC
267489265,FP
69997672,FP
122220263,FP
154872375,CP
142276270,CP
142276270,CP
142276270,CP
142276270,CP
89389197,PC
110428269,FP
202563254,PC
320525204,FP
159510109,FP
284450803,FP
160268701,FP
28230919,KP
350995812,FP
21755546,FP
288391628,FP
349827430,KP
117789567,APC
16740101,KP
69679391,KP
237184773,FA
154840461,APC
459970307,PC
161450762,FP
117256577,FP
147576037,FP
379931600,FP
48188920,FP
89510024,FP
158324245,KP
13419950,PC
375542276,PC
16102323,FP
458478250,KP
138361973,FP
232967666,FP
41330864,FP
302518439,PC
294176967,FP
101929303,FP
1717732429,FP
232967440,CP
154089169,CP
30329585,FP
230088370,PC
169177766,FP
359496368,FP
148914726,APC
158002130,CP
229510866,CP
341544930,FP
258777137,FP
233087860,CP
83210867,FP
289539327,FP
372757221,PC
15247229,FP
112026224,PC
287196418,APC
237185205,FP
158276040,APC
89643259,FP
147950620,CP
24364065,FP
69068526,PC
92677094,PC
203189770,KP
99869022,CP
288185138,FP
29960110,CP
327017634,FP
23434737,CP
467666275,PC
287776397,PC
308034948,FP
364393429,PC
273985865,PC
273985865,PC
273985865,PC
30037565,PC
33878688,FP
50312495,PC
389924075,PC
399144800,FP
451606970,PC
453260209,PC
141527965,PC
248092710,PC
294781547,PC
294981566,PC
319259194,APC
349095149,CP
374997123,PC
382437043,FP
299798795,CP
299798795,CP
150428703,PC
150428703,PC
177115354,PC
360156606,CP
300038935,CP
140760434,APC
287156968,CP
447061717,CP
364395234,CP
260647166,CP
260647166,CP
260647166,CP
260647166,CP
90504905,FP
103633434,CP
120757718,KP
120960812,KP
120960812,KP
153951307,CP
153951307,CP
154716798,PC
158170594,KP
159107668,PC
198212955,PC
219698776,CP
219850915,CP
229781583,PC
230127302,CP
230127302,CP
230127302,CP
230127302,CP
232540264,CP
232612416,CP
232976128,CP
233059608,FA
233120979,APC
233211762,PC
233684822,FP
236714379,APC
237222864,CP
274762761,FP
278348461,KP
288132261,PC
288735205,CP
355867695,CP
355867695,CP
355867695,CP
356311210,PC
365938305,PC
406672232,PC
416195870,PC
424865156,KP
467179528,CP
467179528,CP
158561566,KP
142394656,CP
198241702,CP
198241702,PC
237200747,FP
286923464,KP
417948359,CP
445859771,CP
459969957,PC
13499636,FA
43064903,FA
153949511,FA
153949511,PC
163539739,CP
224297258,CP
230017324,PC
232971294,PC
236445129,KP
266593143,KP
267561446,FP
274662200,FP
277507814,APC
352764091,PC
365733349,CP
408203470,FP
417676622,KP
198186769,PC
199688472,FP
202504234,PC
219015370,CP
219852584,CP
219854185,CP
229536616,FP
237104103,CP
258777134,FP
293687315,KP
356867115,CP
356867115,PC
441797803,PC
185405474,FP
186000935,FP
232679662,FP
233735068,FP
236815160,APC
277014266,FP
287190564,FP
294179389,FP
378159598,APC
405904232,FP
11111899,FP
136848581,FP
137284119,FP
15565627,FP
165523947,FP
167092385,PC
167098530,FP
167403519,PC
195199644,FP
240450679,APC
256886630,FP
266688542,FP
274942910,FP
275111900,FP
312083267,APC
330332501,FP
345996087,FP
357457104,FP
387664866,FP
387664868,FP
395171208,CP
42123111,FP
89759617,FP
92783821,FP
160708862,KP
260128333,CP
269701147,CP
269701147,CP
269701147,CP
233681149,FP
233390838,FP
256621916,FP
358631536,FP
1400770435,FP
160487753,PC
219852882,CP
219852882,CP
229747848,CP
229747848,CP
229770036,FP
272635712,APC
233953967,PC
1718201850,APC
336740528,APC
279177746,FP
365683032,FP
372264750,PC
277566483,PC
357972447,FP
275501623,FP
416624606,FP
330468175,FP
277447970,PC
395142888,PC
230017325,FP
26880783,PC
367099243,FP
120602501,FP
129539786,FP
136971594,FP
155005217,FP
155114483,FP
162130054,APC
164150539,FP
176899385,KP
190430205,FP
190442486,FP
190743990,FP
240613164,FP
249812036,FP
252490659,APC
274170255,FP
275722992,PC
276360911,FA
313506357,FP
328167090,FP
329864959,FP
343019899,CP
343442463,FP
346338552,KP
353038705,PC
365389353,FP
389182138,FP
416987878,FP
430528566,FP
431156009,FP
468472950,FP
468845640,FP
64553698,FP
66445643,APC
66783360,FP
258801269,FP
259126549,FP
259129875,FP
328750515,FP
352239069,PC
352239069,PC
387834907,FP
231736113,CP
364186197,CP
364186197,KP
115771549,APC
199444169,CP
116483514,CP
116483734,APC
119700084,PC
125442121,APC
148782377,PC
158025009,CP
164173105,CP
224600500,FA
311035838,KP
321857016,CP
329277372,FP
333473672,CP
346418409,FP
418959198,FP
350132371,APC
128501004,FP
2041563029,FP
377304435,FP
138968089,FP
293954617,CP
375506058,CP
256783784,PC
13684720,APC
138588540,PC
153976959,PC
154383539,PC
198356533,CP
229650439,CP
229650439,CP
232982558,CP
233617847,PC
233617847,PC
233951353,PC
235683377,CP
237232044,CP
258514800,CP
259172391,PC
259172391,PC
294471966,PC
294471966,PC
298073824,FA
343628284,CP
356158613,FA
356158613,PC
377293776,CP
417931607,CP
420112589,CP
198390247,CP
198390247,CP
294179385,PC
387259626,APC
199376584,CP
176860064,APC
191284318,KP
16920150,FA
17005768,FP
44631965,APC
188768068,CP
190998418,KP
229944666,PC
236887394,KP
237086564,PC
240968774,CP
243185500,CP
243185500,CP
283722336,KP
283722336,KP
284441182,CP
306263608,CP
306263608,CP
306955329,CP
352413427,CP
427654774,FP
431514478,PC
432549364,KP
240681314,KP
409794137,CP
421308357,FP
335483600,FP
197650870,FP
252616865,PC
452803785,FP
67309890,FP
377191482,FA
233541860,FP
459978312,FA
198457103,FA
219751469,FA
283474780,APC
53875855,PC
354594208,FP
15692883,CP
411608801,CP
431148743,FP
384045439,FP
371673488,FP
316402246,FP
414870287,FP
377420580,FP
329145325,FP
410528770,FP
428065977,FP
326114850,FP
331034236,FP
64836837,FP
430677414,FP
415741431,FP
272828463,FP
377739433,FP
376682699,FP
434718964,FP
269509393,FP
270238522,FP
470709084,FP
376637093,CP
455962313,FP
427761355,CP
272049972,FP
269238073,FP
366074069,FP
367102581,FP
387413037,FP
314338017,FP
276380902,FP
313761775,FP
202375913,PC
285543785,APC
312259170,FP
312469860,FP
312678993,APC
327579226,PC
345143460,PC
345143460,PC
354600221,FP
420288086,FP
445137888,FP
173612049,PC
177244357,PC
252636888,FP
318746829,FP
319068154,FP
367607434,FA
431585347,FP
455791689,PC
127425841,FP
194203348,PC
409520860,FP
440100539,FA
191146556,FP
241065596,FP
288348498,PC
326919774,FP
327341626,APC
299158887,KP
441732151,FP
405794804,FP
320506985,FP
117322779,FP
241040309,PC
241076290,PC
245462406,FP
249862365,FP
249945230,PC
250724252,APC
251384275,PC
256414077,FP
259151170,FP
284050395,FP
285666479,FP
285674856,FP
285677945,FP
292321872,FP
302773669,KP
307111282,FP
316254876,FP
327011842,FP
332154944,FP
348135793,FP
354400186,FP
354469661,KP
370759867,FP
374400599,FP
403256331,FP
418987806,FP
444415148,FP
445144327,PC
458914949,FP
50120414,PC
52041724,FP
71854745,FP
82010657,FP
186599508,FP
192372961,FP
201154493,FP
385105624,FP
431899140,FP
68152139,FP
67418624,PC
129979528,KP
187029841,FP
139375960,CP
129991079,FA
73448352,KP
118301361,FP
101037590,CP
125735470,APC
26433869,FP
138017750,FP
229951289,FA
219776325,PC
264678534,CP
268403451,KP
272625214,FP
317397615,FP
317507345,FP
322054600,PC
322202434,FP
376838000,FP
377144784,FP
378291076,PC
387260717,PC
388076005,FP
407394748,FP
461387302,FP
470852531,FP
284475976,KP
310003988,KP
317597583,CP
29054413,APC
51024887,FP
165551882,FA
201186294,CP
230086768,FP
269892793,FP
286355915,FP
312862941,PC
348673213,FP
396562848,CP
422923265,PC
229940491,APC
298647682,PC
22843856,FP
184679932,FP
387527558,FA
154927364,FP
376353509,CP
116608612,FP
122485078,FP
138168780,KP
154867950,FP
156724719,PC
258829450,PC
266500992,PC
267694283,APC
27677846,FP
286561122,FP
288631580,CP
288631580,PC
311121985,FP
312122956,FP
339538183,FP
353367071,FP
353782445,PC
354006740,FP
368536386,FP
409183335,FP
417705690,FP
428679607,CP
441739020,CP
441739020,CP
441739020,PC
459903429,FA
468828873,FP
470315428,FP
73104318,FP
81831095,PC
8400842,KP
87090944,PC
96291218,FP
9837861,FP
259168516,CP
321041369,PC
367366318,KP
58542531,CP
85031598,PC
28900646,CP
102672709,PC
103448870,PC
121966220,FP
198384408,FA
267574918,CP
268334473,CP
288636342,PC
288636342,PC
353475866,CP
396740648,CP
422756130,CP
470381900,CP
1884091865,PC
137500798,FP
230377505,PC
230377505,PC
445805961,CP
142090065,FP
257241363,PC
293617835,PC
86396382,KP
298666530,FP
224596152,PC
365673804,PC
408618999,CP
233009109,PC
104208182,PC
159418353,CP
174041208,PC
198206613,PC
219857012,CP
219860288,CP
229455001,CP
232635922,PC
232650365,PC
232650365,PC
233071822,PC
233071926,PC
233602827,CP
233602827,CP
233602827,KP
237099296,PC
287080092,CP
287139872,CP
287139872,CP
289580577,CP
332477926,PC
356978132,APC
364074068,PC
367753709,PC
367753709,PC
367858035,CP
408636441,CP
420112587,FP
424391516,PC
435680451,PC
441739871,PC
1551345500,PC
272672133,PC
67666096,KP
8767448,KP
137906197,CP
287225295,APC
457138169,FP
252479260,KP
85293053,CP
332064670,KP
4897275,CP
9348006,CP
21535395,CP
29191624,CP
39699648,CP
67646988,KP
99834717,KP
137881699,KP
160045097,CP
160045097,CP
160045097,PC
229938290,PC
241196395,APC
230386259,PC
86280613,FP
372730331,PC
450327768,FP
172518755,CP
310981412,FA
233684293,FA
29191596,PC
304142124,CP
286916251,CP
198153540,CP
198153540,CP
165763244,PC
207425167,PC
207425167,PC
377290815,FP
160440924,PC
233720539,FP
142381532,CP
142387023,CP
229750058,PC
229400092,CP
232982938,CP
235905185,PC
307956397,PC
207468071,CP
207468071,FP
162689341,KP
168699373,KP
198108326,KP
272758199,PC
198385543,CP
219824469,FP
224313733,FP
229742722,CP
202426247,CP
323295479,PC
321668398,CP
229791084,KP
207425203,APC
400430915,PC
230087585,PC
299780329,PC
230375747,PC
233503636,FP
229490898,PC
328933398,PC
328933398,PC
328933398,PC
232641326,APC
233047097,PC
233078665,PC
233497719,FP
219762508,PC
243335710,PC
359357695,PC
59859387,FP
396368313,PC
348755728,CP
219879302,PC
258510872,CP
403136415,PC
229586455,PC
459997997,FP
139771134,APC
288636599,PC
139198430,APC
264544388,PC
280865159,PC
384159646,PC
174302697,PC
420645189,FP
420645189,FP
91987762,CP
172370679,CP
178879588,KP
272212970,KP
77156657,KP
272213425,KP
429302040,KP
453789494,KP
44745133,KP
98545929,KP
339522221,KP
308425348,FP
102192004,KP
363851359,KP
112099249,KP
114299824,KP
371443216,KP
157266693,KP
160578764,KP
162922904,KP
125739286,KP
178289267,KP
268301217,CP
128449971,APC
325172035,FP
7413227,APC
167009792,FP
308919449,FP
382980571,PC
461080504,FP
357536526,FP
127315102,FP
460140752,FP
31268146,FP
334125713,PC
327663613,FP
356590734,PC
394509844,FP
242536549,FP
466113537,PC
166184426,FP
334911765,FP
302659412,FP
356747847,PC
400323948,FP
318828309,PC
179319057,PC
141663464,FP
190271688,FP
242083025,FP
295354126,FP
242120884,PC
320079492,APC
210445631,APC
293708935,FP
162695785,PC
253132689,FP
267414551,PC
47617161,PC
295562522,APC
467281353,FP
329888006,APC
383531859,FP
458856474,FP
458857720,FP
127793615,FP
378613125,PC
437329044,PC
89535068,FP
162246865,FP
469212332,APC
468997317,APC
349088467,APC
161156159,FP
324395151,FP
457939414,FP
82707763,FP
147340931,FP
453464017,FP
445903569,CP
299023386,PC
275384718,FP
142378043,PC
429295277,FP
447206604,APC
371188886,CP
371188886,CP
118084044,PC
356453768,FP
58463434,PC
439610306,FP
147660886,PC
41173048,FA
219466784,PC
243187830,PC
26547036,CP
136916387,KP
136916387,KP
136916387,KP
138294130,KP
198588220,KP
368287008,CP
219508169,PC
219508169,PC
219508169,PC
357416482,FP
357501308,CP
159781361,CP
39903405,KP
236312126,KP
11996814,FP
255930614,KP
394050135,CP
407059875,PC
422656370,APC
470159478,APC
53617134,PC
368320811,PC
405559035,PC
405559035,PC
235937532,APC
237071229,PC
427730490,PC
346929661,PC
270333769,FP
347013211,PC
159873822,CP
316468545,PC
378355116,FP
322062001,APC
229888286,PC
403308915,FP
285542903,FP
115524421,KP
141663460,FP
147951030,PC
417931300,CP
198187049,PC
233182695,PC
198360694,PC
900715901,PC
441642457,PC
158075010,PC
23814735,PC
27491137,CP
27491137,CP
27491137,CP
230075227,PC
159244568,FA
224298134,PC
224298134,PC
367739494,PC
321669174,CP
321669174,PC
160039081,PC
233633993,PC
441738827,CP
441738827,FP
103633672,PC
230387153,PC
230387153,PC
219462190,PC
441765914,CP
341815197,PC
233721037,PC
219778329,PC
393965778,PC
402898317,CP
356016119,PC
235678745,CP
235678745,CP
142748283,CP
142748283,CP
279982557,FP
356700488,PC
230386397,FP
219436394,PC
165527918,PC
289590465,PC
289590465,PC
160491359,PC
160491359,PC
367630162,PC
367630162,PC
367630162,PC
367630162,PC
367630162,PC
156199502,PC
446549906,CP
54464870,FP
422838133,FP
279212407,FP
236387002,CP
389900760,CP
105840719,PC
336267424,FP
399860444,KP
428988981,PC
341630071,CP
1716467085,PC
406855039,FP
428787891,CP
461591646,CP
270515566,APC
284477310,PC
366563452,FP
284564230,FP
233680651,PC
160162987,FP
154741689,PC
405717754,KP
123495874,KP
123233041,KP
164892194,KP
237913194,CP
298663873,CP
233068569,PC
268823307,KP
1715469662,PC
176956893,CP
270472265,PC
142105158,PC
260298958,FP
38680052,PC
271806353,PC
280803917,PC
272236017,PC
348995212,APC
278138619,PC
150437346,PC
306510653,PC
388198242,PC
271891552,PC
403135192,PC
405425498,APC
405425498,APC
61733521,FP
143410850,PC
421455387,APC
267093376,APC
394722182,CP
231077395,PC
388130235,FP
98494121,FP
96973930,PC
278415929,PC
349786918,FP
179580045,PC
264303333,FP
229715760,PC
233066156,PC
367855829,FA
233688779,PC
265146266,PC
198485881,CP
219821826,FP
219501568,PC
229787062,PC
165530380,PC
159400561,PC
235943205,PC
8348911,CP
459837008,CP
459837008,PC
459837008,CP
441798995,FA
441798995,PC
441798995,PC
198178505,PC
258389327,APC
265460043,APC
142117976,PC
289164482,CP
289164482,PC
272679240,PC
198456933,PC
288516853,PC
243313296,PC
115623434,PC
264171144,PC
237211410,PC
198211976,FA
115446313,FP
329148988,CP
237201858,PC
160077104,PC
462615350,PC
82452140,PC
321688498,PC
236934937,PC
236934268,PC
284361752,PC
48018596,PC
165554103,PC
233500935,PC
229608594,PC
362220495,FA
280031353,PC
280031353,PC
280031353,PC
283829553,PC
38467100,PC
300812741,CP
300812741,CP
293527670,FP
177308364,PC
394287035,CP
238920875,PC
180991313,KP
168751223,PC
358579111,PC
200743403,PC
160003961,APC
88902249,CP
230001847,CP
279514271,PC
29959761,FP
100267480,FP
166834768,PC
311179742,PC
91555165,CP
91555165,CP
301343785,APC
290036495,APC
177079323,PC
219766989,FP
124515764,PC
124206468,PC
124095888,FP
204671232,PC
302924206,PC
445456888,PC
344085117,FP
332558858,CP
164150537,PC
382625239,PC
149349867,PC
149349867,PC
149349867,PC
144297844,PC
142087638,PC
142087638,FP
142087638,FP
153078576,CP
237922465,CP
358248442,PC
197807043,PC
97486178,PC
142937186,CP
274193763,APC
420051632,PC
23170835,PC
258804746,CP
347553438,PC
405763009,PC
155001079,APC
298164705,PC
154568734,PC
251094370,PC
686072378,FP
274194927,PC
129839175,APC
219175972,PC
219175972,PC
168871868,FP
318753380,CP
29959760,APC
439867639,CP
142868621,PC
1167538,CP
231721005,FP
231721005,PC
170729775,CP
59128183,PC
434260570,PC
411839167,KP
293612446,KP
412054152,PC
369376388,PC
394346745,PC
263179590,CP
134471108,PC
206906112,PC
170103435,FP
96925186,PC
149601126,CP
149601126,CP
380836882,PC
83154030,PC
52059926,PC
262843259,PC
20579360,PC
219332978,PC
204698337,PC
399967279,CP
431971818,PC
270604417,CP
341419787,FP
444013020,KP
350293646,KP
350293646,CP
80711765,PC
294500964,FP
31515092,PC
468981993,APC
269400980,PC
441453629,PC
441155146,PC
422385684,PC
420177051,PC
387409975,PC
321086563,PC
284679064,PC
258920431,CP
239816546,CP
239638934,FP
160037058,PC
159332859,PC
142784687,PC
115453244,PC
104986789,PC
103751498,KP
102713734,CP
21279791,PC
7548817,CP
62530991,FP
284418751,PC
157698565,CP
146776480,APC
355800238,PC
269850928,PC
234282389,FA
149572298,PC
52315301,PC
38965512,PC
273850708,PC
260537454,PC
231076038,PC
31943299,PC
394346647,PC
388202128,PC
382259755,PC
403288821,FP
349410350,PC
308396509,PC
300604770,PC
262829328,PC
260541432,PC
259901731,PC
391900348,PC
140067837,PC
231703293,FP
318812447,PC
119925436,PC
349408306,APC
98753307,PC
385332171,APC
372818426,PC
349966879,APC
234527228,PC
231833236,PC
453100296,PC
29830212,FP
372852036,PC
149394317,APC
200805484,PC
160004025,PC
31634579,PC
372817671,PC
144125079,PC
348684813,FP
348835438,CP
190081497,FP
1018843,PC
179033846,FP
420016507,PC
354517490,PC
323295908,PC
219366908,FP
209408136,PC
200320748,PC
161568891,PC
161479081,PC
159989004,PC
155993822,PC
98728690,PC
92363023,PC
92359852,PC
71345362,PC
38399060,PC
30016082,PC
44791617,PC
332534326,CP
153725446,PC
152477897,PC
91869778,FP
319473643,PC
134315574,FP
130611752,FP
306903715,PC
270677031,PC
80682484,PC
133427311,PC
268187322,PC
131581522,FP
387275908,APC
130948731,PC
128135100,PC
268042363,FP
114103134,FP
238335094,PC
238335094,PC
238020894,APC
79930628,PC
285524410,FP
173818213,PC
419148828,APC
157572174,PC
157011920,PC
156949982,PC
151930063,FP
123106490,FP
146836153,FP
344140617,PC
134183038,PC
80713983,PC
355796887,PC
342167886,PC
340559155,PC
340144218,PC
310537530,PC
308987429,PC
308612785,PC
307366709,PC
298206077,PC
295093397,PC
290302097,FP
268125229,PC
260120451,PC
141574742,PC
141141249,PC
118406995,PC
90127880,PC
89617284,PC
45896295,PC
45299834,PC
45048546,PC
340700241,FP
302798365,PC
374847873,FP
357896777,PC
357299852,PC
356206412,PC
304025075,FP
302527524,PC
469184909,FP
464328419,PC
464326872,PC
463508231,PC
463469906,PC
463203560,FP
462162963,FP
462072242,PC
446684383,PC
444394183,PC
441334829,FP
439512298,PC
146841337,PC
136504576,PC
103245940,FP
103183399,PC
36452991,PC
141631253,FP
468977648,FP
386297468,FP
386161311,PC
384034837,PC
383666033,FP
357634632,PC
357202877,PC
356461227,FP
437560683,PC
383949205,PC
383806208,PC
357801293,PC
356200601,PC
122418622,PC
45684223,FP
45296362,PC
45191604,PC
45054849,PC
287721202,PC
454248975,CP
452576848,PC
452464529,PC
449491381,PC
282091492,PC
467955232,PC
465540915,PC
465275307,PC
460686828,PC
401283491,PC
398725538,APC
391645374,PC
390444761,PC
390157607,FP
376209245,PC
376036292,PC
373033374,PC
372596795,PC
371864043,PC
361219651,PC
360706000,PC
357538688,FP
344568128,PC
323966987,PC
316652224,PC
304426002,PC
303867090,FP
302003748,PC
288224503,PC
287584141,PC
269859655,PC
267712001,PC
160522555,PC
67798337,PC
67622702,APC
464711858,PC
464067218,FP
463681005,FP
463590116,PC
463343283,PC
463103749,PC
463070290,PC
462135459,PC
461968320,PC
459157691,APC
458995583,PC
457268255,PC
452049244,PC
452006073,CP
451084885,PC
448744179,PC
447976172,PC
447891218,PC
447593267,PC
443341002,PC
443042089,FP
441444262,PC
439926641,PC
432467894,PC
428699140,CP
405620289,PC
397423462,PC
376740324,FP
374158843,PC
364427226,PC
362607799,PC
347715478,PC
309913305,PC
306255021,PC
274911536,PC
272885406,PC
272645619,PC
270075071,PC
229465678,PC
163262555,PC
163260812,PC
163030461,PC
162620529,PC
157213708,PC
147092818,PC
133129971,PC
132963419,PC
124454726,PC
124453339,PC
124174267,PC
124146529,PC
120723776,FP
104022675,FP
103832313,PC
98662211,PC
94346376,PC
94011343,PC
93093765,PC
80778619,PC
73082014,PC
58461209,PC
57793060,PC
22384839,PC
14715294,PC
61117473,FP
60768923,APC
454918388,PC
160023,PC
454876465,PC
17361,APC
453677947,PC
4711,PC
453396346,PC
2876,PC
448923766,PC
448775221,PC
448688668,PC
448098793,PC
418471796,PC
395514100,PC
270347814,PC
48661942,PC
394900138,PC
394443982,PC
387791274,PC
384244834,PC
361176558,PC
360816296,PC
360816293,FP
359572563,PC
323980895,PC
296670796,PC
195256633,PC
36607746,PC
467484304,PC
466318137,FP
465176038,PC
457272901,APC
457110913,APC
456962262,PC
451254008,PC
449549170,FP
440872576,PC
438777551,PC
433546897,PC
425316308,PC
419946164,FP
419858461,FP
412371819,PC
411796826,PC
410554986,PC
403911354,PC
400712525,PC
399058051,PC
398502253,PC
398466662,PC
392112968,FP
391510223,PC
389999924,FP
383410746,PC
381996371,PC
378227267,PC
372960748,PC
372596796,FP
372448111,PC
370385007,PC
366248595,PC
363661031,PC
363632843,PC
245027119,PC
363202582,PC
361998994,FP
344745774,PC
342375120,PC
336613507,PC
334757798,PC
333511802,PC
332880327,PC
331297805,PC
331160996,PC
121625070,PC
330885564,PC
330014070,PC
329921262,PC
329691586,PC
329609449,PC
326662822,PC
322862882,FP
321802774,PC
320994166,PC
319949055,PC
319806044,PC
318668441,PC
323002911,PC
316236118,PC
314013231,APC
312508092,PC
307888842,PC
306547699,FP
309436531,FP
305739565,CP
305492348,PC
304950588,FP
303883880,FP
303686889,PC
297668572,PC
297457992,PC
401952328,PC
295233473,PC
294385899,PC
294365631,PC
290263093,PC
289445553,PC
280857321,PC
269439355,PC
265633507,APC
260776145,PC
243641947,CP
242460075,FP
242389810,PC
241752370,PC
241569046,PC
241514551,PC
241326434,PC
209923610,PC
209707800,PC
208091447,PC
203476998,PC
179715231,PC
167597352,PC
165667705,PC
159262969,PC
125424836,PC
121194926,PC
112037211,PC
112037203,FP
107506563,PC
83395136,PC
322901324,PC
76505260,FP
369789627,PC
68523365,PC
370138999,PC
358070912,CP
280096473,PC
469821652,PC
468055102,PC
466167563,PC
451566438,PC
410372968,PC
410358456,PC
410314178,PC
407922734,PC
406236094,PC
388280249,PC
372443687,PC
360822008,PC
325275736,PC
320327056,PC
319568619,PC
304130406,PC
179987678,PC
290302491,PC
254142310,PC
219924802,APC
201660996,PC
166220082,PC
114181798,PC
113648563,PC
113117112,PC
79920467,PC
31786438,PC
31697707,FP
464593883,PC
464481762,PC
464445045,PC
464280516,PC
456574511,PC
456560485,PC
451538240,PC
407772585,PC
390723664,PC
384299730,PC
384016413,PC
383299778,APC
381982417,PC
381789320,PC
380775661,PC
369861731,FP
369861728,PC
365554300,APC
365021641,PC
364072092,PC
337274055,FP
332314607,PC
327210623,FP
315398848,PC
312030014,PC
311565540,PC
311292015,PC
310854881,PC
310267134,FP
307320565,PC
306648160,CP
306357884,APC
305512837,FP
304695574,PC
303617735,PC
301455423,PC
292477426,PC
276647494,PC
256158543,PC
255768108,PC
194795551,CP
194179013,FP
193782529,PC
160930264,PC
120033290,PC
119950057,PC
119089245,PC
86419190,PC
86021841,PC
76761591,APC
75919790,PC
75076261,PC
58046864,FP
57093805,PC
21997420,PC
6404965,PC
33840683,PC
391903064,CP
391903064,PC
260367888,PC
382045742,PC
360714300,PC
342343963,APC
440324561,APC
464300749,CP
385858569,PC
220547837,PC
131730580,PC
131250246,PC
186470510,PC
186459119,PC
133655284,PC
118072143,PC
419419534,FP
173824688,PC
56630436,PC
133107143,PC
386456916,PC
437144507,PC
145023816,PC
286099128,KP
144682439,PC
271486001,PC
133849258,PC
132313173,PC
394338713,PC
208030798,FP
393196631,PC
207981861,PC
392995938,PC
161299119,PC
364431259,PC
149022647,PC
363749415,PC
143934343,PC
363083571,PC
126125073,PC
361710792,PC
360475034,PC
360473750,PC
359426909,PC
358938714,APC
357661805,PC
357312511,PC
340228388,PC
335860261,PC
39858507,PC
334080358,PC
324116813,PC
292889298,PC
290504044,PC
454361389,PC
284254253,FP
453289469,FP
282091493,FP
447192619,PC
277538491,PC
407166076,PC
275562670,FP
406861922,PC
274367763,PC
403507814,PC
272983172,PC
402391147,PC
255909950,PC
402219289,PC
254909777,PC
396316939,PC
254629854,FP
395926728,PC
221882319,PC
394672497,PC
394672497,PC
221861843,PC
301160638,APC
394570569,PC
221785300,PC
394492339,PC
208719443,PC
165827520,PC
272167060,PC
448358913,PC
310294189,PC
98957720,APC
459850897,FP
117689799,FP
390988385,PC
102159710,PC
86451883,FP
278968371,FP
244912396,PC
57753734,PC
416368336,APC
40779013,FP
244487927,PC
1870990135,PC
198725468,PC
30254887,PC
123007594,PC
1712954983,PC
417129824,PC
120101789,PC
429036977,PC
106224627,PC
417047499,PC
106224626,FP
373576942,FP
89876424,FP
355748785,PC
67247610,FP
326203952,PC
64214215,APC
316038054,APC
42484503,PC
313408643,PC
27916356,KP
304514922,PC
27844066,FP
294599100,FP
27459498,PC
294594423,PC
17865622,CP
291147951,FP
16187321,FP
275887811,PC
15460993,PC
274641986,PC
13424053,PC
274075364,PC
271167979,FP
269269740,FP
248058363,PC
247283596,PC
247283054,APC
239628993,PC
239585909,PC
233415701,PC
230840853,APC
271042173,FP
195750008,PC
184468386,PC
184295571,PC
172754786,FP
193708920,FP
169461816,KP
193482096,PC
1965256662,FP
169187982,FP
452658846,PC
160390955,CP
436314778,PC
136122328,PC
2010186093,PC
1976308113,FP
407905370,PC
407694390,PC
407658979,PC
405897415,PC
396133015,CP
358186451,FP
316606244,FP
305478010,FP
295413003,FP
290308758,PC
289895191,PC
289100911,PC
287591638,PC
286080865,PC
267373896,PC
265242905,PC
260761464,PC
236638487,APC
190479710,PC
162387333,PC
162289289,PC
162179096,PC
440113053,KP
352690548,PC
267650535,KP
352469839,PC
194461202,PC
343726435,PC
191202679,PC
331146317,PC
13961554,PC
330135981,PC
329373799,PC
315907220,PC
277505161,PC
267867517,FP
267861788,PC
267484653,FP
252549844,PC
233948455,KP
233795794,PC
233831759,FA
173711153,PC
173298412,PC
173176491,PC
65981892,PC
64938667,PC
620780629,PC
435861696,FP
432761635,PC
422881018,PC
414922696,PC
1980725947,PC
398912927,FP
1979500576,FP
238624131,PC
455784423,CP
189380158,KP
429414530,FP
186292194,PC
429218084,PC
80478272,FP
428003305,PC
61205803,KP
370981403,PC
365447203,PC
200917197,PC
192878624,PC
186614891,PC
453230066,FP
445496795,PC
184733148,PC
445407434,PC
149855074,PC
433144048,PC
139559780,PC
139507260,PC
415976665,PC
116848450,PC
410552165,PC
396556650,APC
94609570,APC
77258279,PC
381544766,PC
71854732,FP
374778982,FP
67517533,PC
370123525,PC
65446983,PC
354151219,FP
348437470,PC
65440953,PC
346626688,KP
63717709,PC
467580267,PC
63470437,PC
331854794,PC
312345863,PC
50943163,FP
452964680,PC
308613965,PC
34646336,PC
302470965,PC
458876004,FP
34551972,FP
285354178,PC
311703724,APC
285272237,KP
28961316,PC
264912889,PC
28873762,FP
252118701,PC
13533330,PC
250803548,PC
245509452,CP
241135327,PC
240989628,PC
240959810,PC
240864953,PC
240823272,CP
470822809,PC
203096531,APC
202872757,PC
470783598,APC
266425782,PC
266401846,PC
417676091,PC
266213232,PC
385400633,PC
260962960,PC
367616146,PC
259506033,KP
252430813,PC
366311757,PC
251652214,PC
356322454,PC
174826170,PC
355008856,PC
354442783,FP
171160885,PC
155867025,CP
354293303,PC
155351556,PC
348099535,APC
417942201,PC
150074121,PC
347051112,PC
143687316,PC
346015394,PC
3027681,PC
143642240,PC
339250695,FP
122695048,PC
339207847,PC
116257066,FP
322160664,PC
417844678,PC
115457180,APC
321894059,PC
321436679,FP
105135774,PC
317252733,PC
98620619,PC
96074951,PC
312689217,PC
311441461,PC
87597187,FA
701926762,PC
286696848,FP
87091417,PC
86075481,PC
666567477,PC
284747017,FP
647636934,PC
82622707,PC
284174392,PC
468777766,PC
284173938,PC
81597356,PC
467783290,FP
81593515,PC
281196902,CP
67300566,APC
445751830,CP
280254984,PC
27244707,FP
440186528,APC
275703182,PC
9833284,PC
432114158,PC
275702126,PC
432078760,PC
9830791,FP
274545328,PC
268172361,PC
428251130,PC
8621049,APC
3364732,PC
426319499,PC
266772500,PC
468832904,PC
396813816,APC
339503267,PC
400432230,PC
312991501,PC
289661991,CP
138475192,PC
155873992,PC
95660472,CP
95234976,PC
39077574,FP
9346507,APC
8677530,FA
841226526,PC
801354155,PC
445807396,PC
393853275,PC
356736743,PC
356539624,APC
355953198,PC
330795142,PC
900240532,PC
308073360,CP
307915084,APC
298074043,PC
287231664,PC
252474634,PC
165985431,PC
841226527,FP
165885558,APC
156816238,FP
149918151,KP
149917086,PC
147994863,PC
147890655,PC
143008050,PC
142739544,PC
142635225,PC
142618165,PC
142562395,PC
126325149,PC
125552076,PC
105379013,PC
86273567,PC
416542079,PC
141205978,CP
1001477809,FP
320208949,PC
310994622,PC
165989915,PC
154126149,PC
154105890,PC
153978165,PC
150388393,PC
99330090,FP
55748194,FA
48220826,PC
950525831,PC
459215281,PC
165464482,CP
445837596,PC
154181821,PC
441697509,PC
357373216,PC
288434231,PC
233462817,APC
165723070,PC
165412561,APC
161003569,PC
158617175,PC
158497525,PC
155898758,PC
68074302,PC
23815847,PC
23769326,CP
2016376984,FA
1101909431,FP
1101855081,PC
467265105,PC
456042145,FP
435167167,FP
434171145,PC
434171113,PC
427153307,PC
422554579,PC
422514153,PC
421336001,PC
408094424,APC
388393034,PC
375981105,PC
372207084,PC
371676181,PC
367425982,PC
367333043,FP
366115856,PC
345697569,PC
345329200,PC
343330330,PC
338065029,PC
336824844,PC
336399144,PC
336092760,PC
335489455,FP
334493051,PC
334394274,PC
334385701,PC
321861405,PC
320503729,PC
316453500,PC
314375831,PC
309849817,PC
305550963,FP
279383896,PC
275421144,PC
272785423,PC
272219353,PC
271761420,PC
271439193,FP
270435047,FA
269043098,PC
256867493,PC
252071095,APC
252049912,PC
237221436,PC
237077180,PC
284206913,PC
233654042,PC
156007004,PC
155947004,FP
154293917,CP
116382006,PC
468329664,PC
444523623,FP
312548829,PC
312548415,FP
25773352,PC
20182780,CP
604863428,FP
470911286,FP
452972453,FA
452938965,PC
444413256,FP
420446142,FP
418133917,PC
403347341,PC
403340402,PC
372505528,FP
347210614,APC
347011522,FP
327004130,PC
320281287,PC
284528889,FP
283015592,FP
83148519,PC
83053699,FP
399346877,PC
397924314,PC
395773226,FP
390048041,FA
389910188,PC
379629854,FP
368734712,PC
289264348,PC
280315875,PC
279265701,PC
85791385,PC
85429139,PC
461491274,PC
407313319,PC
407243316,PC
284305328,FP
10974783,FA
10507330,PC
1271152446,PC
470678283,PC
470169396,PC
441730540,PC
428963229,PC
427866520,PC
406634633,PC
393633044,PC
390021939,PC
389968080,PC
387603144,FP
387330895,PC
375654303,PC
372392226,PC
367913453,FP
367287018,FP
366580825,PC
366120401,PC
356786657,PC
345645749,PC
322262448,PC
307956396,FP
298264260,PC
284760740,PC
279769094,PC
279605855,FP
259274960,PC
255865833,PC
237101326,FP
236775063,FP
235684392,FP
233719215,PC
233053554,PC
230388132,PC
229639351,PC
229605891,PC
229508727,PC
224601047,FA
219866209,PC
219485050,PC
193556520,PC
159334269,FP
115270627,PC
648958344,PC
628103717,PC
627323667,PC
57159675,PC
444724127,PC
444558604,PC
428892437,PC
400899926,PC
399444057,FP
328814605,PC
310002617,CP
302381397,PC
289373041,PC
289316336,FP
288242606,PC
284454822,PC
284454822,PC
280035202,PC
274974693,PC
272782321,PC
264295655,PC
264223828,PC
264173803,PC
243297296,PC
243280335,PC
237235093,FP
235902467,PC
233576159,PC
233535738,APC
232632239,PC
232603560,PC
230084146,PC
230075120,FP
230006888,PC
229976631,FA
229786610,PC
229408913,PC
199610140,PC
198616607,FP
198189972,PC
160618074,PC
159438097,PC
156215204,APC
141616639,FP
137420801,PC
123357034,PC
47937361,PC
335655755,PC
468396217,PC
420803693,FP
288471040,FP
420680343,PC
417646390,CP
257060897,CP
408729765,FP
400103802,PC
400093775,PC
371711170,FP
313194972,PC
279947414,CP
138329479,PC
137157546,FP
102719996,PC
406926040,PC
470171739,CP
470156846,PC
467331291,CP
462553953,PC
462553953,PC
461538935,FP
441797394,PC
420114036,PC
420112217,PC
420108587,PC
398371628,PC
389777651,PC
377165123,FP
372758077,PC
372747949,PC
366972162,PC
362223355,PC
359388309,PC
358613376,PC
356822426,PC
130981260,APC
289988797,FP
297148017,PC
426017070,FP
31637479,PC
421951960,PC
394357918,CP
152563846,PC
300579472,PC
176780257,PC
424747720,FP
7422496,PC
65416038,PC
108939482,FP
148667071,PC
141405814,FP
127328218,PC
415143674,PC
128127712,PC
127895118,PC
445582110,PC
393340920,PC
52928939,PC
291465998,PC
286153328,PC
269568703,PC
92744152,PC
82302240,FP
268643535,PC
53365065,PC
118308828,FP
442050698,PC
80783538,APC
341272282,FP
178657161,PC
151920165,CP
146842334,PC
146664561,PC
133331642,PC
290388627,PC
363635669,FP
469811655,PC
466682238,PC
466222485,PC
407146536,FP
387193925,PC
384386061,FP
374348168,PC
343952976,PC
280726137,PC
310105752,APC
294097592,PC
290407621,PC
278821913,PC
278540265,PC
278196907,PC
257520272,PC
255918903,FP
101696403,PC
30499203,PC
325527653,PC
67535663,PC
266843799,FP
307079330,PC
182078202,PC
366443426,KP
366443426,KP
372068780,PC
372068780,PC
44898913,CP
141186075,PC
141186075,PC
144193715,CP
122617317,CP
122617317,CP
251086776,FA
294324819,PC
139148528,PC
7020254,KP
422914082,PC
404518509,CP
404518509,FA
325081244,PC
13883872,PC
143022742,FA
143022742,FA
140687214,PC
77175217,PC
256722647,CP
47617038,FP
178959058,FP
128531633,PC
443658196,FP
253434221,APC
454038613,PC
62301521,FA
354944123,CP
354944123,CP
278988097,PC
38939275,PC
469791892,PC
389371332,FP
350299588,PC
50379036,PC
358253047,PC
237332812,PC
176797879,PC
332715376,PC
260655847,PC
149389419,PC
300011941,FP
273418421,PC
133505138,FP
52307802,PC
238164799,PC
325682877,PC
413343957,PC
297361900,PC
313675203,FP
314724818,FP
278862750,PC
335040423,PC
450649506,PC
401980624,PC
315350812,PC
308191940,PC
343708863,FP
250306572,PC
394918211,CP
97766057,CP
259230140,PC
350575997,PC
369345064,PC
66620917,PC
429791387,PC
341805908,FP
218483943,PC
379723086,FP
214243287,APC
178170828,PC
197807778,PC
350931281,PC
342314656,PC
177254988,PC
177254988,PC
207238953,PC
260189643,PC
382200986,PC
280803800,PC
366484980,KP
35315453,FP
142019343,PC
79605791,PC
208297760,PC
295593712,PC
295593712,PC
352229268,PC
362709886,PC
141412823,FP
263748033,PC
344600402,FP
326386495,PC
106940971,PC
271354351,KP
207339000,PC
233188747,PC
362222177,PC
121660904,KP
158551257,FP
63452790,KP
122596693,KP
420268415,PC
237205154,PC
267545252,PC
164786087,KP
446158352,PC
158167408,PC
158388163,KP
137899948,KP
153937417,PC
138359318,KP
373017346,PC
229581160,PC
243333538,FP
48217457,KP
138644215,KP
27774415,KP
299220166,KP
229671380,PC
230129753,PC
461635621,PC
268604331,KP
48506505,KP
441763252,PC
441763252,PC
75262942,KP
256364928,KP
27318774,KP
63211674,KP
122441491,KP
264508014,KP
159098316,KP
399794420,KP
64531556,FP
233823679,PC
126606859,CP
377873569,KP
239332587,CP
27990610,KP
209752908,KP
272707711,PC
137903329,KP
99224131,KP
193754373,PC
269269546,KP
267572272,KP
268924036,KP
193336820,CP
298297931,PC
263218688,PC
40466976,PC
120826158,CP
120826158,PC
275758701,PC
436166416,PC
305943739,FP
120183168,PC
120183168,PC
406190563,FP
22069559,PC
239372503,FP
167719618,PC
349972412,CP
349972412,CP
150299840,PC
179582003,CP
319610598,PC
333674399,PC
333674399,PC
243014114,KP
436875934,KP
456862677,CP
35022727,KP
26017005,KP
435336785,PC
435339847,KP
21130820,PC
400972123,PC
204650483,CP
383721338,PC
369768787,PC
141770198,PC
107018378,PC
258917846,PC
220414682,PC
271169413,CP
307716123,PC
33716474,PC
349576261,CP
418255064,PC
381897917,PC
307849973,PC
307849973,PC
447088034,PC
137402055,KP
48451130,KP
154940895,PC
362103298,PC
298428237,PC
372759746,PC
138364831,KP
154474036,PC
27769688,KP
219742885,PC
273231214,KP
219854519,CP
103604037,FA
120255950,KP
233529335,PC
416534875,PC
137683938,KP
48031665,PC
164458714,KP
154923406,PC
356868487,FP
122785299,KP
399954349,KP
399954349,KP
158555987,FP
159725995,KP
86951294,PC
29017001,PC
307809773,CP
307809773,CP
232608943,CP
232608943,CP
467651916,CP
437856897,CP
27039476,KP
19155785,FP
68577662,KP
28294709,PC
427740976,PC
1950736,FP
97735908,KP
436652523,APC
258796169,CP
18373995,PC
284326455,KP
171160243,PC
56399553,KP
84339983,KP
58472992,PC
241442273,PC
89702406,FP
404421005,KP
304339227,PC
292202337,PC
313006381,PC
336075472,PC
307958020,CP
91251292,PC
91251292,PC
436873727,CP
270355392,PC
270355392,PC
46698351,PC
286696849,PC
404713783,PC
60646268,PC
147302550,PC
139877968,PC
238854767,PC
99648579,PC
178215634,PC
435259601,PC
441135051,PC
166778944,PC
237358490,PC
299551666,PC
165201455,PC
165202476,CP
422884521,PC
142938659,PC
71401634,FP
404506270,PC
439873430,PC
332911893,PC
118573065,PC
89062142,PC
279095914,PC
219225319,PC
100974694,PC
206717400,PC
283605976,PC
245793479,PC
200321577,PC
153723304,PC
139550876,PC
229210014,PC
160180298,PC
271307949,PC
108940329,PC
112110888,PC
415276070,PC
145163386,PC
452903647,APC
320341952,PC
143724857,PC
334414389,PC
19447218,PC
156990000,PC
354937825,PC
348756659,PC
53047383,PC
186470968,PC
231559817,PC
258051471,PC
143994382,PC
134596619,PC
132534906,FP
262499797,FP
152467154,PC
362370757,PC
310822679,PC
228694725,APC
463754499,PC
133512515,PC
458300989,PC
447054140,PC
144155193,PC
45465399,FP
359735804,PC
458331312,PC
446463666,PC
80681136,PC
72504752,PC
457743020,FP
274911400,PC
309292963,PC
441936163,PC
458199018,PC
6010784,PC
441234277,PC
469333534,PC
463365347,PC
81693792,PC
124235800,PC
376610581,PC
425508314,PC
107017977,PC
358072664,FP
457789844,PC
464388115,PC
463011281,PC
385459345,PC
447585233,PC
356835341,PC
272211398,PC
303327435,PC
303814029,PC
219769290,PC
72401290,PC
440937096,PC
454069765,KP
317362389,PC
60859922,PC
155419920,PC
132611413,PC
411943564,PC
219181903,PC
307099276,PC
399847887,PC
454828937,PC
376421071,PC
448820344,PC
359403471,PC
307221757,PC
296850254,PC
148772620,PC
35106764,PC
292797572,FP
412635642,PC
68030406,PC
241638905,PC
457018819,PC
237929468,CP
77680373,PC
166242494,PC
418567812,PC
242190195,PC
332017079,PC
319783554,FP
382975217,PC
160476088,PC
401028336,PC
245341495,PC
448435566,PC
400073524,PC
405571798,PC
147723246,PC
188865842,PC
412485680,PC
457649900,PC
290337456,PC
329672278,PC
420202798,PC
210681065,PC
406443564,FP
129890791,PC
295507430,PC
243476396,PC
406106335,PC
453942180,PC
149585119,PC
397522142,PC
148478039,PC
304085024,PC
210629725,PC
68081952,PC
311736478,PC
200435203,PC
14029793,PC
445392860,PC
295312916,PC
362111691,PC
360221713,PC
277128619,CP
294295243,PC
384709136,PC
340624586,PC
76228620,PC
95709395,PC
418471116,PC
301900477,PC
384386062,PC
282485660,CP
449107129,PC
463781038,PC
418298773,PC
245728942,PC
287494667,PC
362032529,PC
221656234,PC
68322189,FP
302054555,PC
294691204,PC
420829332,PC
310266243,PC
403405969,PC
344130921,PC
217838717,PC
161247580,PC
361711730,CP
76894548,PC
154400369,PC
46807139,PC
283665218,PC
318180448,PC
306990399,PC
401509690,PC
396649769,PC
412828754,PC
282221346,PC
75522633,PC
297950791,PC
306512967,PC
291857895,PC
323022088,APC
261020738,PC
282701278,PC
217933560,PC
324426685,PC
407146538,FP
216925130,PC
37291237,PC
277034534,PC
458027465,PC
214218272,PC
294768072,PC
173979859,PC
407127579,PC
117275513,KP
319968129,FP
7059054,KP
6893917,KP
23113034,FP
303432813,CP
87873211,PC
303523128,PC
69672493,FP
17409453,KP
437011608,CP
5882269,KP
438260486,PC
178217113,KP
18310799,KP
234388232,PC
63189173,KP
19028197,KP
434226736,KP
26826078,KP
14770122,KP
91481801,PC
349582831,PC
366410512,KP
59351345,PC
239977528,CP
337385330,PC
2685481,PC
26693519,PC
366499151,PC
438412198,PC
75427473,FP
58723861,PC
366568760,KP
116668723,PC
247906954,PC
438170612,PC
101520163,PC
75589027,PC
312221462,FP
95010343,FP
172110606,FP
14570132,PC
291517604,PC
286094277,PC
40954422,FP
388130237,PC
257527578,CP
468889418,PC
4165850,PC
60286662,KP
6892385,KP
110996418,PC
53287554,PC
288671122,PC
298829544,PC
28643432,FP
68453985,PC
441590110,PC
141677268,PC
408549705,FP
359469754,PC
336125492,PC
336126253,PC
357145112,PC
383828887,PC
298049015,FP
21101556,PC
267810289,PC
320324079,PC
158323182,PC
65845738,PC
419411415,CP
159117779,PC
147892178,PC
110738386,PC
111108561,PC
265979849,PC
215595454,PC
424699834,FP
247356332,PC
7583660,PC
236632480,PC
256561562,PC
215018906,PC
259172249,CP
378708888,PC
394691478,PC
233409941,PC
30791047,APC
377297285,PC
406361982,PC
383645563,PC
195093356,FP
313453776,PC
154014059,PC
288428649,PC
55778666,PC
105387356,FP
69356857,CP
259100469,PC
335681838,PC
154814765,PC
193765661,PC
435740442,PC
219016883,CP
230290708,PC
40055053,CP
305948428,PC
426122503,PC
322504451,PC
352151292,PC
123041007,APC
295807723,FP
289307883,PC
256154857,APC
185598695,PC
278105308,PC
436007113,PC
395385033,PC
284660935,APC
126225595,PC
158325942,PC
356146869,PC
185226925,FP
147895461,FP
375419034,PC
326347927,FP
402828941,PC
274122380,FP
275527293,PC
435719275,PC
219847787,PC
312899686,FP
153971295,PC
202468443,FP
359321688,PC
424112727,PC
296461391,PC
278668358,PC
172871230,FP
356682805,PC
219466803,FP
282935857,APC
276381737,PC
264301607,PC
7681574,PC
194679333,PC
405932063,PC
329346586,PC
399956873,FP
171312653,PC
58825110,CP
58798731,PC
387401076,PC
306204904,PC
435871546,PC
246965431,CP
257562160,APC
243153196,FP
270406298,APC
303502327,PC
436843539,PC
387544178,PC
387515920,PC
96948338,PC
101348333,PC
90669930,PC
96165095,PC
21119973,PC
366527844,PC
34781378,PC
96170689,PC
467684543,PC
46631742,PC
427578289,APC
308522539,PC
366754985,PC
21132157,PC
81178747,PC
113804153,PC
371470493,PC
219113246,APC
166053959,PC
202425357,PC
166086403,PC
407591297,CP
298600443,APC
198512478,PC
313425396,PC
298070500,PC
202428245,FP
284688043,PC
332564140,PC
29781207,PC
127226712,PC
430093142,PC
115628210,APC
386197662,PC
87405719,PC
115564354,FP
80611440,PC
47319867,PC
47319867,PC
127957099,APC
76545118,PC
294309873,PC
91697121,PC
84788795,PC
239722954,FP
119130170,PC
101569583,PC
58997701,PC
456971986,PC
367434266,PC
1942969,PC
437786834,PC
87827371,APC
172222885,PC
76798849,PC
186815660,PC
302305400,PC
468979441,PC
468979441,PC
468979441,PC
14440334,PC
270679144,PC
94823134,PC
126322519,PC
307951656,PC
366409685,APC
335540507,PC
415399713,PC
366411016,KP
88114177,PC
318836983,PC
318836983,PC
411697517,KP
17555760,PC
178266267,PC
231721006,PC
466206508,CP
17385917,PC
68893269,PC
195187769,PC
3224605,PC
14570099,KP
456945304,KP
17307715,KP
127505658,PC
127505658,PC
456335739,PC
142785421,PC
267484403,PC
302381442,PC
268405086,FP
160162137,PC
154563411,PC
29169215,PC
160165689,PC
141762491,PC
237108775,PC
159160230,PC
287268770,PC
237097499,PC
101592219,PC
224293782,PC
237015185,PC
252469648,PC
233070717,PC
229713401,PC
17122808,PC
232624234,PC
148960849,PC
235711993,PC
224299081,PC
219467837,FP
288162228,PC
420174131,PC
316416562,PC
233173039,PC
136992839,PC
154258295,PC
166054851,PC
160521907,PC
441658213,APC
67743054,PC
353807936,PC
256326844,PC
232628532,PC
298729646,PC
233465389,PC
282940781,PC
441736986,PC
207491214,APC
311116297,PC
349312122,PC
198161914,PC
274223601,PC
235684964,PC
461239485,KP
175772482,KP
368805700,KP
181949561,KP
311133118,KP
287959034,APC
209464063,CP
143257768,PC
368739874,CP
207439380,APC
17538423,PC
155949264,PC
32260988,PC
460396820,KP
255928426,PC
281100535,APC
193634953,CP
323250919,PC
115508409,PC
17652022,PC
37150278,PC
272519426,PC
23638678,APC
103865797,FP
264052454,PC
224328450,PC
43276438,PC
10792081,PC
165625229,PC
137843225,PC
173002823,PC
441804533,PC
219041246,CP
147923561,PC
298074836,CP
53481079,PC
4843495,PC
85292615,PC
458481611,PC
1042432,PC
357048995,PC
219875976,PC
103605399,PC
335952150,PC
224297408,PC
157769780,PC
310380289,PC
229618478,PC
198162530,PC
198162530,PC
230087765,PC
157768969,PC
318209162,FP
4918918,CP
407495930,PC
387329912,PC
310262516,PC
426144112,PC
332365162,PC
135267558,PC
256584532,PC
72889156,APC
219506608,PC
82598822,PC
317594531,PC
255907107,PC
428703516,APC
354832924,PC
459836041,PC
445795465,PC
459189798,PC
279920478,PC
302814895,FP
40292751,CP
446616059,FP
42883782,CP
42883782,CP
273874849,KP
151724385,CP
378390325,PC
188646744,PC
283471501,PC
92439980,PC
427041513,PC
194076601,PC
272366748,KP
369062542,PC
351077390,PC
363029616,PC
287934343,PC
230292034,PC
209935997,PC
41422753,FP
336072306,PC
256046749,PC
114947483,PC
11034516,PC
20988926,FP
184531966,PC
236158940,PC
373816781,PC
138671052,PC
106114491,FP
282890159,PC
247172524,PC
184521624,PC
360142739,PC
232941965,CP
13574009,PC
233788275,PC
15682927,FP
277987172,FP
273780062,PC
279179610,PC
202941251,PC
243464977,APC
14956304,PC
467211520,PC
126171392,FP
224635135,PC
294173437,FP
65737977,PC
276376289,APC
452483795,FP
273774284,FP
239361732,PC
239529652,PC
165948070,PC
163164300,PC
322593401,PC
276704866,PC
158552665,PC
452508760,PC
27230283,PC
303456821,PC
166190643,FP
63659057,PC
159104028,PC
366846982,PC
64282927,PC
64282927,PC
154762431,PC
287643871,PC
297153209,FP
407653728,PC
200606159,PC
369532319,PC
154353849,PC
376847633,PC
12938488,APC
266023807,PC
137151335,KP
164652245,KP
120045750,PC
299087490,KP
356871098,PC
120692092,KP
272782368,PC
158657354,KP
284900292,PC
377780790,KP
29385858,PC
230064711,PC
159054620,KP
27534138,KP
63283780,KP
352011875,KP
293880523,PC
120317234,KP
259233660,CP
139104940,KP
102734241,CP
121731834,KP
48353358,KP
123357864,KP
123309556,KP
279922257,PC
286201103,CP
128558444,PC
199949052,PC
414019147,PC
327369524,CP
334597566,FP
455947620,PC
455947620,PC
341444900,FP
439942982,PC
396234347,PC
419523962,CP
129756316,APC
352924930,FP
194736418,CP
272050287,FP
192415680,PC
115451738,PC
144006874,PC
321578632,PC
428867906,PC
239823606,PC
122629761,PC
67031480,PC
428767018,PC
219697927,PC
198458010,PC
400093502,PC
271424111,KP
99896567,PC
424388628,PC
196066560,PC
119973835,PC
119973835,PC
272670038,PC
271431851,KP
199712572,PC
299089652,KP
294283951,FP
160223936,PC
48448369,KP
122375047,KP
350814622,KP
268159158,KP
97165413,PC
35883621,FP
157081737,PC
262781201,FP
293743169,PC
269341832,PC
118914286,PC
170434745,PC
19342878,CP
55849732,PC
92590258,PC
265010875,PC
182405015,PC
258234731,APC
152245179,PC
255780160,PC
384984325,CP
384984325,CP
7439480,PC
189322727,APC
116631353,PC
120115768,PC
364408162,FP
125367522,PC
322498101,PC
165682741,PC
352442207,PC
269488987,PC
313975346,PC
115739057,PC
357872559,PC
188800346,PC
352892371,PC
468765355,PC
129108133,PC
115683877,PC
372178596,PC
195606729,PC
312289279,PC
117068362,FP
120051913,PC
117072799,APC
294904059,PC
188001223,PC
164260243,PC
190822775,PC
330665027,PC
193979250,PC
26583436,FP
416486384,PC
164280385,PC
331456189,PC
314649737,PC
257056367,PC
351864831,PC
346077232,PC
345333936,FP
469702377,PC
63844530,PC
440636649,PC
197743152,PC
194234471,PC
387933822,PC
155258153,PC
330944099,PC
196261799,PC
302201081,PC
44621795,PC
455727012,PC
422223456,PC
437756191,PC
325410269,PC
154351773,PC
154576989,PC
326475995,PC
200606486,APC
326116570,APC
25758870,PC
173671381,PC
430751891,PC
314088020,PC
431114892,PC
428317266,PC
375116172,PC
252585354,PC
325653071,PC
456910600,PC
66726479,PC
352147273,PC
176789447,PC
66788350,PC
437736517,PC
252610172,PC
406783172,PC
202087931,PC
202282233,PC
430431091,PC
125489084,PC
319294834,PC
249776059,PC
15654898,PC
437740083,FP
276250096,PC
431216437,APC
446157122,PC
418301643,PC
455737331,PC
287152495,PC
432758245,PC
261135533,CP
237204346,PC
435878153,PC
294497466,PC
181748381,PC
180575165,PC
291471222,PC
134528212,PC
449951606,FP
370877263,FP
152569268,PC
370009806,PC
361218772,PC
308778563,PC
354285962,FP
22712134,PC
240714633,PC
292469572,PC
256576519,PC
26390980,PC
238751619,PC
34977731,PC
34977731,PC
456171328,PC
369907772,PC
285233023,FP
285505979,PC
271747067,PC
326809267,PC
177712122,PC
186810676,PC
186989177,PC
320505267,PC
445370101,PC
301414902,PC
412887082,PC
353893493,PC
52260140,PC
470724594,PC
192487723,PC
272218608,PC
354742440,PC
444753130,PC
292852583,PC
12980264,PC
196474344,PC
301991463,PC
270132709,PC
63586213,PC
372207328,CP
307201632,PC
196973090,PC
249884767,PC
283845022,PC
415875608,PC
101133275,PC
5724439,PC
63718617,PC
407156755,PC
327126871,PC
381591826,PC
332496784,PC
376765646,PC
285328782,PC
184739529,APC
256349966,FP
327093061,PC
241062925,PC
260040728,PC
321258259,PC
470450936,PC
266609407,PC
392674549,PC
459102737,APC
259810421,PC
355418639,PC
98613492,FP
9136777,PC
122881136,PC
259708416,PC
267617257,PC
458987621,PC
148514918,PC
311284709,PC
407517154,PC
272994016,PC
279851358,APC
274472658,PC
251705938,PC
279725262,PC
115899725,PC
286951368,PC
468501184,PC
390410937,PC
9441591,PC
187532854,FP
251594291,PC
458890024,PC
470653603,PC
367522211,PC
138344895,PC
459982699,PC
147821208,PC
359629653,PC
88999533,PC
150470555,PC
265076459,PC
94405787,PC
141395223,PC
142908390,PC
31605271,PC
97925605,PC
452867348,PC
97279971,PC
142916753,PC
106829921,PC
176082442,PC
170466784,PC
169191182,PC
157050713,PC
106626059,PC
95191643,PC
36022284,PC
144037593,PC
143526233,PC
107617930,PC
140740440,PC
141458054,PC
98159959,PC
107776260,PC
142420436,PC
22972676,PC
238914510,PC
348501452,PC
50211272,PC
54141697,PC
141933255,PC
266486214,PC
32296259,PC
60189629,PC
290415036,PC
139707575,PC
332383229,PC
122981686,APC
348297468,PC
422031406,PC
97921547,CP
125563127,PC
97588014,PC
323569398,PC
122798633,PC
347442932,FP
320411045,CP
168936945,PC
47244580,PC
150559728,PC
7562528,PC
66242670,PC
146413471,PC
146413471,PC
255588086,PC
270456887,APC
328502522,PC
2507547,PC
238317637,PC
93862917,PC
123133954,PC
453009027,PC
184801054,PC
186707229,PC
180931993,PC
410901394,PC
140706833,PC
132314633,PC
181208298,PC
81089255,PC
355449539,PC
294394558,PC
238124845,PC
118754987,PC
445522339,APC
438376091,PC
374741750,PC
303426966,PC
371596277,PC
358838026,PC
177257073,PC
358164738,PC
361154154,PC
303030789,PC
29780740,PC
439618305,PC
446524637,PC
139314045,PC
382187347,PC
167720788,PC
147193084,PC
57694405,PC
297853363,PC
464544047,PC
46104747,PC
80384677,PC
306248357,PC
310497279,PC
142171554,PC
390151888,PC
161738745,PC
72504017,PC
302212110,PC
133850380,PC
166527623,KP
324422520,PC
94483093,PC
259606227,PC
141074654,PC
420529106,PC
313671132,PC
47667,APC
3728481,PC
73310180,PC
243550555,PC
419503191,PC
464542805,PC
272251987,PC
304363215,PC
144321743,PC
144077896,PC
308010949,PC
94012094,PC
438629686,PC
377771417,PC
374155286,PC
162729620,FP
363259409,PC
131312528,PC
91794828,PC
72123144,PC
463868678,PC
398945279,PC
241297273,PC
306249066,PC
131195882,PC
22452837,PC
325647810,PC
167573692,PC
392027961,PC
263207857,PC
242532142,PC
400968492,PC
366315051,PC
291668351,PC
289076007,PC
403368444,PC
76706043,PC
426904354,PC
149179763,PC
439381274,PC
350432166,PC
399195246,PC
241592217,PC
374908396,PC
260539542,PC
443199889,PC
258409964,PC
75650448,CP
312612366,PC
457446242,PC
292349703,PC
38584799,PC
400491269,PC
330424797,PC
209054294,PC
460316238,PC
446918603,PC
167654347,PC
332887363,PC
149450435,PC
439943973,PC
440150441,PC
258940847,PC
64837857,PC
64837857,PC
64837857,PC
64837857,PC
174328045,CP
283884522,PC
278726770,FP
304690618,PC
304690618,PC
262457587,FA
96475638,PC
292221593,PC
272768631,PC
355895977,PC
418343229,PC
147561732,PC
256429408,PC
53843023,PC
331644554,PC
99989903,PC
452920657,PC
141522677,PC
62085710,PC
149989864,PC
149989864,PC
382258844,PC
341405597,PC
167085203,PC
349789882,PC
179442778,PC
255560319,PC
342449055,PC
342449055,PC
411731278,PC
287328202,PC
269849065,PC
143842198,PC
303364023,FP
428673146,PC
261264800,APC
112115898,PC
261646133,PC
150320610,PC
121490076,KP
287326127,PC
426032475,PC
426032475,PC
221566773,PC
412666676,PC
76899250,PC
171886633,PC
89417257,PC
91324328,PC
174070181,PC
263203229,FP
307232923,PC
361403927,PC
345056639,PC
301247383,PC
367900542,PC
343717397,APC
421056636,PC
426901646,PC
381448973,PC
87422071,PC
301248781,PC
261192051,PC
381468938,PC
314193010,PC
89659632,PC
383313006,PC
57011946,PC
361467239,PC
234540647,PC
96829917,PC
420369105,PC
90156362,PC
365952328,FP
304430662,PC
61621800,PC
469813927,PC
79660831,PC
32443914,PC
421990278,PC
467931774,PC
419738713,PC
411955845,PC
254209017,PC
253857911,PC
219978369,PC
253788533,PC
201658484,PC
319568755,PC
101272159,PC
352438619,PC
408609355,PC
269372232,PC
32046665,PC
290403522,PC
254174907,PC
112989868,APC
441076258,PC
261680542,PC
214515989,PC
364267778,PC
233964924,PC
278525028,PC
402027382,PC
350821320,PC
197643976,KP
259884973,PC
197598125,PC
55450156,PC
302453291,PC
278666476,PC
469967533,PC
150063444,PC
350861689,PC
197808753,PC
55363630,PC
201254754,PC
237909527,PC
419957314,PC
58726656,PC
426471754,PC
150096001,KP
67395329,PC
4426490,FP
403693870,PC
262135904,FP
4486230,PC
431899136,PC
293075732,FP
393818343,CP
252537013,FP
139879080,PC
140893722,PC
167656187,PC
428812049,PC
67181830,PC
121070864,PC
59369068,PC
367439938,PC
264159776,PC
47220926,PC
365509373,PC
69054388,APC
84126162,FP
58474992,FP
114422211,PC
91777086,PC
57147191,PC
76731445,PC
67349298,PC
45376816,PC
462507821,PC
307375528,PC
19560484,PC
270048796,PC
63082902,PC
294434193,PC
114600571,PC
88929544,PC
421006834,PC
74389253,PC
238506223,PC
262137985,PC
421005422,PC
392022763,PC
14435301,PC
457039843,PC
438329568,APC
45905504,PC
165965790,PC
83180637,PC
400466395,FP
70435923,APC
81963214,PC
294350792,PC
30853990,PC
404715325,PC
435339558,KP
56658270,CP
243208884,PC
80224448,PC
80224448,PC
243030574,PC
27635334,KP
219824470,PC
427765233,PC
348684814,PC
436575927,KP
320847025,PC
26078330,KP
422912527,PC
443823169,PC
113921235,CP
368628986,PC
83181153,KP
59490344,PC
21035365,PC
70897115,PC
261141602,FP
353302490,PC
259330386,PC
408656366,APC
55390413,FP
383829317,PC
41875043,FP
350733403,PC
154926644,PC
390207998,PC
99834321,APC
343336312,PC
289441015,FP
335661164,PC
405837291,PC
233867481,PC
167631701,PC
322369867,PC
67246795,PC
158657991,APC
16740548,PC
1881298619,PC
156512187,PC
366119858,CP
233287217,PC
233855268,PC
125366299,PC
230856987,PC
219803922,PC
219809549,PC
164783371,PC
416195843,PC
430930679,PC
418981325,APC
366074071,PC
210904767,PC
329981856,PC
57299130,PC
235015217,PC
337217173,PC
469810663,PC
469810663,PC
244089109,KP
23961340,PC
248769312,PC
376867898,PC
383723559,FP
405010127,KP
139158696,KP
137685450,KP
160428500,PC
14203588,PC
298658399,PC
276922692,PC
138609069,PC
66266024,PC
138225319,PC
188814758,PC
233266582,PC
287191183,APC
366725641,PC
142385671,PC
286923515,PC
165337974,PC
233266797,PC
274411493,APC
195933415,PC
166178400,PC
296327387,PC
195483731,PC
62867537,APC
452864692,PC
395214388,PC
293949992,PC
313922260,PC
325765282,PC
444209952,PC
469523613,PC
197604890,PC
371579161,FP
417564823,PC
66545173,PC
237019002,PC
430406538,PC
430845815,PC
266488971,PC
200465781,PC
66286602,PC
335624180,PC
365712006,FP
361944563,APC
199676274,APC
286382849,PC
420383981,PC
64198376,PC
469436001,FP
345596003,PC
344855300,PC
256418577,PC
269231011,PC
434086605,PC
434270112,PC
419524589,PC
404898080,PC
420018238,PC
269102377,PC
188539008,PC
470749725,PC
161687209,FP
269514008,PC
269330087,PC
235717158,PC
408548144,PC
8416274,PC
402848417,FP
405542683,PC
459323923,CP
352284958,PC
331619598,PC
378860702,PC
154869806,PC
468350765,PC
469523619,PC
431033767,PC
444159424,PC
154264903,PC
415461195,PC
343774169,PC
326470400,FP
63100069,PC
420191136,PC
26999884,PC
196201652,PC
422159302,PC
123234747,PC
71083829,PC
345009464,PC
120313529,PC
342276668,PC
388371132,PC
425706173,PC
466928064,PC
374800835,PC
377253700,PC
336264393,PC
251803342,PC
23912656,PC
69436501,PC
151760597,PC
279331929,PC
242674266,PC
344416349,FP
110828766,PC
466890210,PC
157808355,PC
466966249,PC
209320688,PC
350268913,PC
287948915,PC
397653875,PC
363040636,PC
238239232,PC
89362689,PC
282113152,PC
394924803,PC
418629890,PC
20607624,PC
374521355,PC
439598736,PC
251743761,PC
383364626,PC
41839508,PC
456401439,PC
426122272,PC
288953761,PC
435673126,FP
305026599,PC
407135911,PC
51318828,FP
358975793,PC
219089784,PC
298291597,PC
289047954,PC
383358873,PC
260767135,APC
334798754,PC
274057129,PC
298189225,PC
160103855,PC
297413553,PC
269130683,PC
276385231,PC
406548952,PC
267817947,PC
184527843,PC
63232997,PC
63550960,APC
83299322,PC
172376068,FP
267808774,PC
170440216,PC
41067039,PC
198358065,PC
298189384,PC
452741216,PC
199417958,PC
405689470,PC
62501513,PC
233533589,PC
160255140,PC
417514666,PC
42110638,PC
99796664,APC
233735354,PC
418375357,PC
276909255,PC
375192273,PC
399613138,FP
418543326,PC
372077289,PC
287768299,PC
161687285,PC
375855364,PC
341157650,PC
265887000,PC
427855645,PC
40093986,PC
436222251,PC
421330229,PC
210337597,FP
193081156,PC
99025225,PC
287444302,PC
160512852,PC
273069412,FP
160585062,PC
352301423,PC
75417968,FP
271017537,PC
323407659,PC
309133240,PC
445276138,PC
17925767,PC
243283955,FP
233747840,PC
289345412,PC
129198098,PC
257052211,FP
256778317,PC
259415341,PC
160652910,PC
270494650,PC
120487017,PC
430666395,APC
236644754,PC
240535286,PC
256783400,PC
10552342,FP
395790368,PC
255998336,PC
373196394,PC
224603921,PC
160075684,PC
258776466,PC
198178859,PC
161687211,CP
273234825,KP
273690178,KP
259238498,PC
233194447,PC
177697418,PC
455733237,PC
173706852,PC
352409708,PC
173615288,PC
202648961,PC
440001383,PC
177494632,PC
127426341,PC
191373021,FP
25624952,FP
291732201,FP
199296714,PC
259188347,PC
354478327,PC
302477411,PC
279871772,PC
61520064,PC
285592400,PC
186530554,PC
422707559,PC
13036318,PC
436875993,PC
264193444,PC
347018922,FP
192321638,PC
450012972,PC
250478345,PC
77258176,PC
305830609,PC
387527174,PC
335037151,PC
467602108,PC
196389062,PC
22659404,PC
470898625,APC
245665919,PC
374122973,PC
104153474,PC
418262301,PC
259381479,PC
327249454,PC
347944406,PC
130087198,PC
196351790,PC
158933249,KP
272840455,KP
169081296,KP
271052158,KP
274198407,KP
2621212,KP
187309502,KP
437444661,KP
46020827,KP
145368316,KP
187278212,KP
50171060,KP
376866659,PC
110795273,PC
110795273,PC
55871761,PC
118798035,CP
118798035,CP
118798035,CP
380255458,KP
56815340,KP
56815340,KP
317882327,PC
461547946,PC
368184695,PC
156678143,FP
456130294,APC
316138059,PC
238959233,PC
366564164,PC
367710318,PC
141524447,PC
252851803,PC
117174065,PC
150271800,PC
438298111,PC
89014296,PC
410449566,PC
358111035,PC
235057120,PC
307036187,PC
207334420,PC
404970821,PC
206947218,PC
350934357,PC
142914189,PC
110110529,PC
57047535,PC
100474173,PC
142711195,PC
294668702,PC
279154795,PC
452837676,PC
148322608,PC
267834862,PC
238394308,PC
308692360,PC
54272884,PC
47248224,PC
167337562,PC
185620819,PC
142757891,APC
350230694,PC
111741396,PC
156716001,PC
26046851,PC
405255920,PC
393626873,FP
306772292,PC
177033137,PC
108748840,PC
121341000,PC
231451287,PC
289481977,PC
409796937,APC
132766482,PC
348899056,PC
285212983,APC
54391400,PC
412386707,PC
167165932,PC
141279435,PC
279262080,PC
236817690,PC
298308533,PC
229605578,PC
431838716,PC
429123881,PC
414919755,PC
391090520,PC
357956179,PC
434373518,PC
270471727,PC
300868410,PC
270711339,PC
150429313,PC
300654938,PC
117885024,PC
265129950,PC
415084429,PC
22730066,PC
142053623,PC
140938327,PC
88865512,PC
88760990,PC
456787558,PC
182992572,PC
182992572,PC
130295375,PC
299801675,PC
2093349,PC
148273668,PC
176604975,PC
140190514,PC
107779737,PC
25154148,PC
458615187,PC
289114603,PC
452973397,PC
349677805,PC
284586930,PC
334380435,PC
59537824,PC
410774020,PC
47762924,PC
207463446,PC
341872729,PC
199572211,PC
399789568,PC
261746870,PC
79936069,PC
2405205,PC
308664375,PC
454039549,PC
385699758,PC
371315483,PC
309257123,PC
457542392,PC
178658245,PC
362264027,PC
38579332,PC
38579332,PC
458032939,PC
93532796,PC
163262279,PC
281170011,PC
45636452,PC
384482338,PC
163493945,PC
36811910,PC
303865520,PC
73983171,PC
198294279,PC
309694541,KP
49729638,PC
31061885,PC
354809215,PC
422568868,PC
68123867,PC
347866089,PC
434620877,PC
437346961,PC
67607738,PC
77466620,PC
38691375,PC
26040447,PC
115018003,PC
346069206,PC
17798086,PC
23847464,PC
37126544,PC
434949776,PC
51680381,PC
127361441,PC
237343052,PC
166510722,PC
51217656,PC
169725951,PC
146320244,PC
1104064500,PC
73644471,PC
193096383,PC
